ID,Nom,Lat,Lon,Date
1,Citeaux,47.1259,5.1208,1098
2,La Ferte,46.6667,4.8467,1113
3,Pontigny,47.9063,3.7415,1114
4,Clairvaux,48.1434,4.817,1115
5,Morimond,48.0045,5.6727,1115
6,Preuilly,48.443,3.1393,1118
7,Trois-Fontaines,48.7145,4.9765,1118
8,La Cour-Dieu,48.0026,2.2249,1119
9,Bonnevaux Dauphine,45.453,5.1825,1119
10,Bourras,47.2924,3.3249,1119
11,Cadouin,44.8076,0.9011,1119
12,Fontenay,47.6363,4.417,1119
13,Bellevaux,47.4011,6.1477,1119
14,Tiglieto,44.519,8.6311,1120
15,Mazan,44.7253,4.1161,1120
16,Aumone,47.8705,1.4059,1121
17,La Crete,48.2044,5.3459,1121
18,Foigny,49.889,4.0016,1121
19,Louroux,47.4182,0.0534,1121
20,Kamp,51.4995,6.5432,1123
21,Gondon,44.5143,0.5613,1123
22,Lucedio,45.238056,8.2325,1124
23,Lucelle,47.419,7.365,1124
24,Fontainejean,47.8448,2.9879,1124
25,Jouy,48.6439,3.2065,1124
26,Bonnevaux Poitou,46.4811,0.2584,1124
27,Montpeyroux,45.938,3.5476,1126
28,Ebrach,49.844,10.5225,1126
29,Igny,49.2068,3.7127,1127
30,Lachalade,49.1619,4.9864,1128
31,Reigny,47.6424,3.7549,1128
32,Walkenried,51.58,10.6466,1129
33,Loroy,47.3163,2.4457,1129
34,Vauluisant,48.2611,3.5647,1129
35,Landais,47.0021,1.2991,1129
36,Waverley,51.1968,-0.7316,1129
37,Ourscamp,49.5314,3,1129
38,Rein,47.1315,15.312,1130
39,Begard,48.6271,-3.2689,1130
40,Neubourg,48.8369,7.7098,1130
41,Bussiere,47.2129,4.748,1130
42,Theuley,47.5377,5.5483,1131
43,Tintern,51.6941,-2.6491,1131
44,Cherlieu,47.7782,5.8526,1131
45,Bonmont,46.3997,6.1764,1131
46,Echarlis,47.9616,3.1833,1131
47,Le Miroir,46.5378,5.3364,1131
48,Eberbach,50.0402,8.0737,1131
49,Volkenroda,51.2476,10.5953,1131
50,Sestri Ponente,44.414,8.8895,1131
51,Longpont,49.2693,3.2483,1131
52,Rievaulx,54.2548,-1.0892,1131
53,Orval,49.6365,5.3764,1132
54,Moreruela,41.8086,-5.7498,1132
55,Saint-Benoit-en-Woevre,48.9848,5.8128,1132
56,Clairefontaine en Franche-Comte,47.8814,6.0981,1132
57,Relec,48.4457,-3.7975,1132
58,Vaucelles,50.075,3.2518,1132
59,Sept-Fons,46.5413,3.7329,1132
60,Pforta,51.1392,11.7801,1132
61,Rosieres,46.9538,5.6791,1132
62,Maizieres,46.9447,4.9143,1132
63,Villers-Bettnach,49.2307,6.3892,1132
64,Vaux en Ornois,48.58,5.3229,1132
65,Saint-Sulpice,45.9019,5.6061,1132
66,Quincy,47.8593,4.1302,1133
67,Heilsbronn,49.3346,10.8195,1132
68,Bithaine,47.6921,6.3951,1133
69,Langheim,50.1091,11.1376,1133
70,Altenberg,51.0517,7.1603,1133
71,Waldsassen,50.0007,12.337,1133
72,Garendon,52.7716,-1.2303,1133
73,Charite,47.5147,5.9633,1133
74,Tamie,45.6836,6.3317,1134
75,Himmerod,50.0248,6.7842,1134
76,Pontron,47.5192,-0.8574,1134
77,Vauclair,49.4499,3.7733,1134
78,Kaisheim,48.7637,10.8257,1134
79,Morimondo,45.3482,8.9547,1134
80,Lieu-Croissant,47.2949,6.3621,1134
81,Beaupre en Lorraine,48.5504,6.5604,1134
82,Signy,49.698,4.4496,1134
83,Montheron,46.5867,6.6914,1135
84,La Grace-Dieu Aunis,46.2008,-0.8142,1135
85,Hautecombe,45.7493,5.8382,1135
86,Buzay,47.2034,-1.7975,1135
87,Staffarda,44.7174,7.4369,1135
88,Heiligenkreuz,48.052,16.1595,1135
89,Fountains,54.1068,-1.5541,1135
90,Fossanova,41.4344,13.2232,1135
91,Amelungsborn,51.8942,9.6206,1135
92,Beaupre en Picardie,49.5605,1.9921,1135
93,Chiaravalle Milanese,45.4124,9.2371,1135
94,Melrose,55.5957,-2.6903,1136
95,Sylvanes,43.8306,2.9878,1136
96,Notre-Dame d'Acey,47.2583,5.6844,1136
97,Le Thoronet,43.4567,6.2914,1136
98,Forde,50.839,-2.8825,1136
99,Balerne,46.7219,5.8861,1136
100,Langonnet,48.1029,-3.4047,1136
101,Hautefontaine,48.6339,4.8398,1136
102,Aulps,46.2386,6.6775,1136
103,Sticna,45.9534,14.8324,1136
104,Le Val,49.0754,2.2539,1136
105,Cerreto,45.311389,9.595278,1136
106,Noirlac ou La Maison-Dieu,46.7419,2.4886,1136
107,Warden,52.0785,-0.3385,1136
108,Chaalis,49.1443,2.7141,1136
109,Auberive,47.7853,5.0882,1136
110,Les Roches,47.464,2.9979,1136
111,Chiaravalle della Colomba,44.9223,10.0013,1136
112,Aiguebelle,44.4587,4.8699,1137
113,Thame,51.725,-0.9359,1137
114,Leoncel,44.9079,5.2211,1137
115,Bellaigue,46.1531,2.7256,1137
116,Boquen,48.3151,-2.4187,1137
117,Escaladieu,43.1064,0.2844,1137
118,Berdoues,43.4772,0.4364,1137
119,Bonnefont,43.1378,0.9017,1137
120,Mortemer,49.3662,1.5086,1137
121,Saint-Aubin des Bois,48.488,-2.3689,1138
122,Cheminon,48.7368,4.9317,1138
123,Hauterive,46.7607,7.1454,1138
124,Barzelle,47.1628,1.6308,1138
125,Salem,47.7732,9.3051,1138
126,Frienisberg,47.0236,7.3591,1138
127,Les Dunes,51.1064,2.658,1138
128,Chalivoy,47.2311,2.9565,1138
129,Lanvaux,47.7972,-2.9064,1138
130,Valloires,50.3451,1.8467,1138
131,Benisson-Dieu,46.1476,4.073,1138
132,Bordesley,52.3136,-1.906,1138
133,Zwettl,48.6137,15.2274,1138
134,Cristovao De Lafoes,40.763427,-8.172975,1138
135,Newminster,55.1636,-1.6773,1138
136,Kirkstead,53.1299,-0.1933,1138
137,Louth Park,53.3734,-0.0074,1138
138,Pairis,48.117,7.1718,1138
139,Maulbronn,48.998,8.8402,1138
140,La Grace-Dieu,47.2466,6.3758,1139
141,Le Gard,49.9604,2.1308,1139
142,Kingswood,51.6235,-2.3392,1139
143,Casamari,41.6675,13.5149,1139
144,Larrivour,48.2729,4.2843,1139
145,Clairmarais Pas-de-Calais,50.7657,2.3329,1139
146,Haute-seille,48.586,6.954,1139
147,Hardehausen,51.549733,8.998964,1140
148,Joao de Tarouca,40.995057,-7.746147,1140
149,Chezery,46.2183,5.8938,1140
150,Whitland,51.8276,-4.5727,1140
151,Tre Fontane,41.8308,12.4966,1140
152,Newbattle,55.8801,-3.0398,1140
153,Froidmont,49.3757,2.2896,1140
154,Oseira,42.538386,-7.950939,1140
155,Sittichenbach,51.4622,11.5451,1141
156,Boheries,49.9153,3.6013,1141
157,Bonlieu de Carbon-Blanc,44.8905,-0.4892,1141
158,Le Pin,46.5654,0.1394,1141
159,Fitero,42.0561,-1.8583,1141
160,Monsalud,40.491259,-2.661015,1141
161,Cercamp,50.2665,2.3286,1141
162,Chiaravalle di Fiastra,43.221389,13.405,1141
163,Le Reclus,48.8351,3.7518,1141
164,Sobrado,43.038608,-8.022509,1141
165,Sacramenia,41.498947,-3.924707,1141
166,Georgenthal,50.8257,10.6866,1141
167,Viktring,46.5864,14.4141,1141
168,Fontevivo,44.8575,10.175833,1141
169,Baumgartenberg,48.2054,14.7703,1141
170,Melon,42.255556,-8.216667,1142
171,Coatmalouen,48.3993,-3.0777,1142
172,Dundrennan,54.8052,-3.9182,1142
173,Mellifont,53.7393,-6.4388,1142
174,Cikador,46.1846,18.7533,1142
175,Valbuena,41.629444,-4.261389,1143
176,Haut-Cret,46.5489,6.8328,1143
177,Sturzelbronn,49.0544,7.6137,1143
178,Wagrowiec,52.8,17.2,1143
179,Franquevaux,43.6458,4.3753,1143
180,Meira,43.213056,-7.291111,1143
181,Alvastra,58.29639,14.65361,1143
182,Nydala,57.3246,14.3567,1143
183,Cwmhir,52.329722,-3.3875,1143
184,Acquafredda,45.977676,9.188932,1143
185,Belleperche,43.991,1.1271,1143
186,Revesby,53.1337,-0.0237,1143
187,Mariental,52.2729,11.0126,1143
188,Pipewell,52.4595,-0.7337,1143
189,Falleri,42.3,12.355833,1143
190,Raitenhaslach,48.125,13.0998,1143
191,Sedlec,49.96,15.290278,1143
192,Walderbach,49.1813,12.4058,1143
193,Planselve,43.6168,0.8902,1143
194,Monthiers-en-Argonne,48.8954,4.9052,1144
195,Beaulieu-en-Rouergue,44.2064,1.8816,1144
196,Ecurey,48.555,5.2968,1144
197,Huerta,41.261449,-2.177068,1144
198,Herrevad,56.0852,13.26,1144
199,La Noe,48.9924,1.0727,1144
200,Olivet,47.274,1.8306,1144
201,L'Estree,48.7637,1.3326,1144
202,Schonau,49.4327,8.837,1144
203,Grandselve,43.8528,1.1656,1144
204,Plasy,49.9319,13.4181,1144
205,Otterberg,49.4999,7.8013,1144
206,Woburn,51.9798,-0.5663,1145
207,Nepomuk,49.5,13.566667,1145
208,Perseigne,48.3873,0.2887,1145
209,Riddagshausen,52.267386,10.577264,1145
210,L'Etoile,46.6504,0.7306,1145
211,Trizay,46.5856,-1.0864,1145
212,Melleray,47.5455,-1.3503,1145
213,La Pree,46.9035,2.1597,1145
214,Fontfroide,43.1237,2.9258,1145
215,Follina,45.953889,12.117778,1146
216,Villers-la-Ville,50.590833,4.53,1146
217,Aldersbach,48.5844,13.1136,1146
218,La Colombe,46.4305,1.2494,1146
219,Lyse,60.227778,5.405556,1146
220,San Giusto in Tuscania,42.385833,11.874722,1146
221,Michaelstein,51.806111,10.914167,1146
222,Wilhering,48.3206,14.2177,1146
223,Lad,52.2031,17.9221,1146
224,Veruela,41.812222,-1.7,1146
225,Boxley,51.2969,0.5526,1146
226,Castagnola,43.5969,13.3542,1147
227,Bective,53.586111,-6.7,1147
228,Herrenalb,48.7929,8.4639,1147
229,Dore,51.968611,-2.9,1147
230,Hovedoya,59.895553,10.729253,1147
231,Kirkstall,53.8178,-1.5795,1147
232,Vaudey,52.7784,-0.4395,1147
233,Le Val-Richer,49.1575,0.1243,1143
234,Biddlesden,52.0512,-1.0516,1147
235,Bruern,51.8782,-1.5887,1147
236,Roche,53.3992,-1.1561,1147
237,Sawtry,52.424,-0.2137,1147
238,Savigny,48.3959,-1.0794,1147
239,Beaubec,49.6368,1.5268,1148
240,Les Vaux-de-Cernay,48.6807,1.9636,1147
241,Furness,54.1326,-3.1939,1147
242,Chaloché,47.5378,-0.2537,1147
243,Foucarmont,49.8467,1.5932,1147
244,Neath,51.660833,-3.826389,1147
245,Gouffern,48.8613,-0.1222,1147
246,La Boissiere,47.5489,0.1569,1147
247,Aunay,49.0179,-0.6034,1147
248,Quarr,50.7279,-1.1721,1147
249,Basingwerk,53.28813,-3.20711,1147
250,Combermere,52.993611,-2.613889,1147
251,Fontaine-les-Blanches,47.49738,0.99937,1147
252,Calder,54.441944,-3.466111,1147
253,Rushen,54.09813,-4.63349,1147
254,Swineshead,52.94679,-0.14799,1147
255,Longvillers,50.53212,1.73236,1147
256,Stratford Langthorne,51.533333,0,1147
257,Buildwas,52.63529,-2.52821,1147
258,Lannoy,49.59115,1.91223,1147
259,Buckfast,50.49258,-3.77515,1147
260,Breuil-Benoit,48.80883,1.35585,1147
261,Byland,54.20317,-1.15829,1147
262,St. Mary’s (Dublin),53.34742,-6.269192,1147
263,Coggeshall,51.86772,0.69414,1147
264,Vieuville,48.52638,-1.68557,1147
265,La Trappe,48.6364,0.57438,1147
266,Aubazine,45.17443,1.67121,1147
267,La Valette,45.23426,2.16688,1147
268,Bonnaigue,45.57461,2.36773,1147
269,Silvacane,43.71577,5.32936,1147
270,Chehery,49.28898,4.97179,1147
271,Margam,51.562786,-3.730379,1147
272,Espina,41.7325,-5.1,1147
273,Aulne,50.3621,4.359,1147
274,Ardorel,43.54208,2.3434,1147
275,La Faise,44.96838,-0.12738,1147
276,Fontguilhem,44.39532,-0.07064,1147
277,Sawley,53.91339,-2.34106,1147
278,Alcobaca,39.54842,-8.9777,1147
279,Billon,47.1075,5.96138,1147
280,Barbeau,48.46683,2.77634,1147
281,Rioseco,42.893611,-3.633333,1148
282,Varennes,46.58538,1.86734,1148
283,Baumgarten,48.364167,7.403333,1148
284,Senanque,43.92829,5.18772,1148
285,Rufford,53.1729,-1.0085,1148
286,Elan,49.66316,4.75767,1148
287,Cambron,50.5859,3.88633,1148
288,Boyle,53.97366,-8.29646,1148
289,Merevale,52.57686,-1.57221,1148
290,Eusserthal,49.24167,7.97124,1148
291,Monasteranenagh,52.516898,-8.66286,1148
292,Baltinglass,52.943801,-6.709865,1148
293,Calers,43.26,1.47499,1148
294,Fontmorigny,47.03189,2.95727,1149
295,Aubepierre,46.39353,1.76637,1149
296,Les Pierres,46.5101,2.284,1149
297,Tironneau,48.21219,0.34251,1149
298,Loos,50.6169,3.00002,1149
299,Jedrzejow,50.638333,20.300278,1149
300,La Valroy,49.57783,4.08588,1149
301,Sibton,52.27577,1.46622,1149
302,Longuay,47.92085,4.91124,1150
303,Boulancourt,48.45624,4.64747,1150
304,Cabuabbas,40.284722,8.693333,1150
305,La Oliva,42.371806,-1.466944,1150
306,Jervaulx,54.26709,-1.73786,1150
307,Varnhem,58.38419,13.65566,1150
308,Casanova,44.872222,7.793056,1150
309,Bouillas,43.88305,0.58054,1150
310,Coombe,52.4147,-1.40733,1150
311,Villelongue,43.30578,2.16761,1150
312,La Clarte-Dieu d'Eaunes,43.41878,1.35414,1150
313,Garde-Dieu,44.171944,1.415,1150
314,Abbeyshrule,53.585,-7.65,1150
315,Boulbonne,43.224722,1.685278,1150
316,Bosco,38.56455,16.31978,1150
317,San Martino al Cimino,42.3675,12.128056,1150
318,Meaux,53.8396,-0.3379,1150
319,Stanley,51.448611,-2.066667,1150
320,Lisle-en-Barrois,48.89547,5.12682,1150
321,Flaran,43.88994,0.37415,1151
322,Poblet,41.38088,1.08396,1151
323,Clairlieu,48.65994,6.11733,1151
324,Pontaut,43.58374,-0.51608,1151
325,Kinloss,57.63333,-3.5676,1151
326,Bronnbach,49.71241,9.54787,1151
327,La Merci-Dieu,46.7675,0.838611,1151
328,La Frenade,45.657222,-0.366667,1151
329,Flaxley,51.83643,-2.45075,1151
330,Perignac,44.34305,0.56657,1151
331,Holmcultram,54.8454,-3.2829,1151
332,Fiaes,42.104041,-8.211364,1151
333,Inislounaght,52.3453,-7.7439,1151
334,Clermont,48.09791,-0.93306,1152
335,Valparaiso,41.328611,-5.733333,1152
336,Candeil,43.79922,1.98121,1152
337,Bellebranche,47.87972,-0.43909,1152
338,Moreilles,46.41877,-1.08013,1152
339,Les Chambons,44.63016,4.05382,1152
340,Santes Creus,41.34613,1.36495,1152
341,Rueda,41.296944,-0.313611,1152
342,Santa Maria del Monte,44.132,12.25574,1153
343,La Peyrouse,45.48162,0.86273,1153
344,Chatillon,49.38252,5.58474,1153
345,Mores,48.07691,4.4345,1153
346,Tilty,51.91552,0.32648,1153
347,Newry,54.171667,-6.333333,1153
348,Esrom,56.04759,12.37724,1153
349,Abbeydorney,52.3536,-9.6833,1154
350,Stoneleigh,52.33827,-1.53302,1154
351,Bonnefontaine,49.78522,4.24072,1154
352,Valmagne,43.48682,3.56267,1155
353,Ile de Re,46.18595,-1.29608,1156
354,Balamand,34.36825,35.779444,1157
355,Le Valasse,49.53712,0.50659,1157
356,Svate Pole,50.233333,16.041667,1157
357,Bildhausen,50.276944,10.2875,1158
358,Schontal,49.3281,9.5047,1158
359,Vitskol,56.868694,9.213139,1158
360,Dieulacres,53.117778,-2.038889,1158
361,Tennenbach,48.14488,7.89711,1158
362,Salzedas,41.049722,-7.733333,1159
363,Sambucina,39.44507,16.29231,1160
364,Julita,59.14946,16.04128,1160
365,Salvatio,31.715,35.048611,1161
366,Estrela,40.246667,-7.466667,1161
367,Bonneval,44.5624,2.7949,1162
368,San Prudencio,42.347578,-2.413765,1162
369,Soro,55.4301,11.5566,1162
370,Tvis,56.350278,8.685,1162
371,Armenteira,42.463056,-8.747222,1162
372,Reifenstein,51.346667,10.363333,1162
373,Le Jau,42.68368,2.2747,1162
374,Chassagne,45.9668,5.181944,1162
375,Dalon,45.27365,1.22608,1162
376,Bonlieu en Limousin,46.0875,2.30535,1162
377,Beuil,45.9075,1.060278,1162
378,Loc-Dieu,44.33936,1.93181,1162
379,Aubignac,46.39737,1.50617,1162
380,Prebenoit,46.35754,2.04182,1162
381,Le Palais,45.99348,1.76996,1162
382,Les Chatelliers,46.48843,-0.13049,1162
383,Boschaud,45.4225,0.731944,1163
384,Loccum,52.451944,9.150556,1163
385,Strata Florida,52.274167,-3.85,1164
386,Coupar Angus,56.543056,-3.266667,1164
387,Roma,57.511456,18.449268,1164
388,Bonaval,40.968333,-3.293889,1164
389,Nogales,42.148611,-5.921389,1164
390,Dobrilugk,51.611064,13.545389,1165
391,Aguiar,40.881111,-6.933333,1165
392,Klaarkamp,53.311944,5.939444,1165
393,Om,56.0525,9.749556,1166
394,Grosbot,45.55227,0.39877,1166
395,Bonnecombe,44.24341,2.55523,1166
396,Charmoye,48.9291,3.84721,1167
397,Marmosoglio,41.583333,12.833333,1167
398,Sellieres,48.533889,3.681389,1167
399,Vaux-la-Douce,47.86234,5.73926,1168
400,Les Chaumes,46.170014,-1.074281,1168
401,Casalvolone,45.4,8.466667,1169
402,Les Feuillants,43.353889,1.139722,1169
403,Bouro,41.659167,-8.266667,1169
404,Benavides,42.168333,-4.958333,1169
405,St.-Jean au Bois,31.764444,35.158333,1169
406,Palazuelos,41.752767,-4.633717,1169
407,Junquera,42.316667,-7.633333,1170
408,Sao Pedro de Aguias,41.083333,-7.516667,1170
409,Ulmet,43.465556,4.634722,1170
410,Fermoy,52.136111,-8.283333,1170
411,Beaulieu-en-Bassigny,47.824722,5.566944,1170
412,Sandoval,42.4925,-5.466667,1170
413,Doberan,54.107778,11.909722,1171
414,Worschweiler,49.284156,7.3075,1171
415,Saint-Sébastien-hors-les-Murs,41.855556,12.515556,1171
416,Herrera,42.631667,-2.884167,1171
417,Tamaraes,39.616667,-8.55,1171
418,Zinna,52.02256,13.10467,1171
419,Novara di Sicilia,38.014167,15.131389,1172
420,Bon-Repos,48.211389,-3.133333,1172
421,Beaugerais,47.060833,1.167778,1172
422,Santo Spirito di Palermo,38.099167,13.362922,1172
423,Dargun,53.892222,12.861667,1172
424,Holme,55.153,10.35564,1172
425,La Blanche (Noirmoutier),47.02638,-2.2695,1172
426,Bindon,50.680278,-2.213333,1172
427,Whalley,53.82,-2.410722,1172
428,Abbeymahon,51.637248,-8.736246,1172
429,Bujedo de Juarros,42.645897,-3.024038,1172
430,Corazzo,39.061596,16.422969,1173
431,Ulmet,43.46532,4.63622,1173
432,Logumkloster,55.05667,8.95142,1173
433,Feniers,45.32356,2.77171,1173
434,Arnsburg,50.49388,8.79354,1173
435,Matallana,41.901111,-4.865278,1173
436,Sajazarra,42.413473,-2.817350,1174
437,Kolbatz,53.300556,14.813333,1174
438,Leubus,51.261667,16.469167,1175
439,Altzella,51.060278,13.276544,1175
440,Saint-Marcel,44.11648,1.47042,1175
441,Ovila,40.700833,-2.557222,1175
442,Ter Doest,51.28197,3.2024,1175
443,Robertsbridge,50.987222,0.498333,1176
444,Barbery,49.0257,-0.3455,1176
445,Roccadia,37.260556,15.029722,1176
446,Valdeiglesias,40.365833,-4.316667,1177
447,Sulejow,51.364583,19.878667,1177
448,Hradiste,50.524167,14.946667,1177
449,Saint-Maurice-de-Carnoet,47.801667,-3.533333,1177
450,Iranzu,42.750833,-2.038889,1178
451,Croxden,52.954444,-1.903611,1178
452,Assaroe,54.506944,-8.2,1178
453,Igris,46.0786,20.7888,1179
454,Ferraria,41.351856,14.168072,1179
455,Wachock,51.07486,21.01692,1179
456,Holy Cross,52.639722,-7.866667,1180
457,Midleton,51.908611,-8.171667,1180
458,Matina,39.576111,16.149722,1180
459,Hocht,50.898056,5.685556,1180
460,Jerpoint,52.50975,-7.162056,1180
461,Rivalta,44.85486,8.82666,1180
462,Cercanceaux,48.163056,2.750833,1181
463,Dunbrody,52.28362,-6.95889,1181
464,Zirc,47.262222,17.875,1182
465,Lehnin,52.32042,12.74446,1183
466,Pilis,47.693056,18.891111,1184
467,Abbeyleix,52.912778,-7.348611,1184
468,Valbenoite,45.42157,4.40019,1184
469,Kilcooly,52.942778,-6.706944,1184
470,Szentgotthard,46.953611,16.273056,1184
471,Benisson-Dieu de Boulogne-sur-Gesse,43.26846,0.65509,1184
472,Kappel,47.22739,8.526,1185
473,Koprzywnica,50.594722,21.573889,1185
474,Killenny,53.950963,-6.631064,1185
475,Marienfeld (Harsewinkel),51.94648,8.281086,1185
476,Santissima Trinita del Legno,39.549069,16.496595,1185
477,Oya,42.003129,-8.876396,1185
478,Oliva,54.410542,18.558864,1186
479,Aberconwy,53.2807,-3.8289,1186
480,Maceira Dao,40.615833,-7.816667,1186
481,Inch,54.336389,-5.729722,1187
482,Refech,32.95,35.883333,1187
483,Valcroissant,44.746111,5.431944,1188
484,Champagne,48.141667,-0.116667,1188
485,Haina,51.02993,8.9775,1188
486,Valsaintes,43.96473,5.60877,1188
487,Heisterbach,50.69437,7.21393,1189
488,Llantarnam,51.630556,-2.991667,1189
489,Monasterevin,53.139444,-7.0625,1189
490,Sala,42.566667,11.75,1189
491,Le Rivet,44.51797,-0.16393,1189
492,Bebenhausen,48.56132,9.0608,1190
493,Reinfeld,53.83203,10.48031,1190
494,Knockmoy,53.439444,-8.754167,1190
495,Paszto,47.918611,19.695278,1190
496,Glenluce,54.889167,-4.831389,1191
497,Lieu-Dieu en Ponthieu,50.005556,1.52,1191
498,Bonport,49.306389,1.134444,1191
499,Bloomkamp,53.06836,5.56666,1191
500,Charron,46.286389,-1.1,1191
501,Aduard,53.256944,6.460278,1192
502,Rude,54.83231,9.54517,1192
503,Buch,51.15218,12.98762,1192
504,Trinitas de Panormo,38.11368,13.36902,1192
505,Grey,54.535833,-5.558333,1193
506,Santa Maria di Roccamadore,38.140278,15.523333,1193
507,Osek,50.620686,13.694042,1193
508,As,57.216667,12.216667,1193
509,Piedra,41.193333,-1.7825,1194
510,San Pedro de Gumiel,41.760556,-3.683333,1194
511,Seica,40.032778,-8.783333,1195
512,Corcomroe,53.124167,-9.058333,1195
513,Casanova (Abruzzen),42.377953,13.867553,1195
514,Saint-Urbain,47.23168,7.84073,1195
515,Santa Maria del Galeso,40.507778,17.254444,1195
516,Marienberg (Burgenland),47.423191,16.564298,1196
517,Acquaformosa,39.724444,16.089444,1196
518,Le Bouschet-Vauluisant,45.608056,3.251944,1192
519,Cleeve,51.157325,-3.363664,1198
520,Valdedios,43.435833,-5.511111,1200
521,Kilshane,52.473333,-8.861667,1198
522,Cymer,52.758056,-3.896111,1198
523,Bredelar,51.417778,8.7725,1196
524,Eldena,54.08934,13.45319,1199
525,Mont-Sainte-Marie,46.77349,6.27983,1199
526,Comber,54.550278,-5.75,1200
527,Tinternparva,52.225556,-6.837222,1200
528,Glanawydan,52.132778,-7.416667,1200
529,Kilbeggan,53.368333,-7.501944,1200
530,Valle Crucis,52.989444,-3.183333,1201
531,San Galgano,43.14946,11.15565,1201
532,Ripalta di Puglia,41.861667,15.271944,1201
533,Dunkeswell,50.863333,-3.221389,1201
534,Bois-Grolland,46.524722,-1.547222,1201
535,Monfero,43.340278,-8.033333,1201
536,Villeneuve,47.122778,-1.533333,1201
537,Val-St-Lambert,50.593287,5.482661,1202
538,Sagittario,40.044444,16.156944,1202
539,Carta,45.7852,24.572,1202
540,Carracedo,42.570833,-6.731389,1203
541,Villanuevade Oscos,43.310278,-6.981111,1203
542,Acqualonga,45.053333,8.735278,1204
543,Beaulieu,50.816667,-1.45,1204
544,Duiske,52.54114,-6.95369,1204
545,Fontaine-Daniel,48.277778,-0.672778,1204
546,Santa Maria delle Paludi,40.635098,8.526605,1205
547,Velehrad,49.103434,17.395704,1205
548,Abington,52.633889,-8.433333,1205
549,Lilienfeld,48.013056,15.597222,1202
550,San Tommaso dei Borgognoni (Torcello),45.495833,12.416667,1206
551,Belmonte,43.2825,-6.216667,1206
552,Tautra,63.583333,10.633333,1207
553,Daphni,38.013056,23.635833,1209
554,Daugavgriva,57.044529,24.040146,1208
555,Topusko,45.293056,15.972222,1208
556,Stephanus de Graecia,41.009288,28.974787,1208
557,Arabona,42.30232,14.06315,1208
558,Barona,45.2,9.283333,1210
560,Medmenham,51.551944,-0.823889,1212
561,Santa Maria dell’Arco,36.983333,15.016667,1212
562,SotosAlbos,41.028333,-3.9,1212
563,L'Escarp,41.430833,0.355278,1213
564,San Giorgio di Iubino,36.2,36.15,1214
565,Abbeylara,53.766667,-7.45,1214
566,Chortaiton,40.612222,23.097778,1212
567,Sanctus Angelus in Petra,41.0197,28.9586,1214
569,Verteskeresztur,47.443611,18.271389,1214
570,La Vega,42.45,-4.7,1215
571,Marienstatt,50.68514,7.8031,1215
573,Culross,56.058194,-3.625556,1217
574,Quartazzola,45.024266,9.621568,1217
575,Macosquin,55.099167,-6.716667,1218
576,San Pastore,42.430487,12.759890,1218
577,Deer,57.523333,-2.054028,1219
578,Hulton,53.028056,-2.141667,1219
579,Pernau,47.154722,16.454167,1219
580,Sant’Angelo in Frigido,39.083333,16.783333,1219
581,Saddell,55.531816,-5.510673,1219
582,Sao Paulo de Frades,40.245,-8.370833,1221
583,Mogila,50.064444,20.053333,1222
584,San Pietro della Canonica,40.633056,14.597222,1223
585,Spissky Stiavnik,48.995,20.36,1223
586,Santa Fe,41.577099,-0.951001,1223
587,Lavaix,42.388333,0.747778,1224
588,Zaraka,37.866944,22.458056,1225
589,Tracton,51.756389,-8.391667,1225
590,Boudelo,51.181667,3.99,1215
591,Acibeiro,42.6175,-8.301667,1225
592,San Clodio,42.367222,-8.125,1225
593,Penamaior,42.849722,-7.166667,1225
594,Santa Maria Incoronata,41.381458,15.640596,1235
595,Grace Dieu,51.828056,-2.804167,1226
596,Santa Maria di Mirteto,43.750833,10.479167,1227
597,Heinrichau,50.666667,17.016667,1227
598,Wettingen,47.45623,8.31639,1227
599,Royaumont,49.14734,2.38311,1228
600,San Galgano,43.150278,11.154444,1228
601,Ihlow,53.404167,7.458889,1228
602,Epau,47.99103,0.24344,1229
603,Ospedale del Piave,45.821389,12.310833,1229
604,Brondolo,45.183611,12.278333,1229
605,Balmerino,56.409906,-3.042069,1229
606,Valence,46.312778,0.176111,1230
607,Cavatigozzi,45.149722,9.955278,1231
608,Grandpre,50.418056,5.017222,1231
609,Santo Stefano al Corno,45.116667,9.75,1231
610,Hude,53.116999,8.449076,1232
611,Kutjevo,45.45,17.833056,1232
612,Belapatfalva,48.048889,20.364722,1232
613,San Pantaleone di Monte Faeta,43.770833,10.471111,1233
614,Neuenkamp,54.18614,12.8765,1234
615,Sant’Agostino di Montalto,42.346111,11.576667,1234
616,Karkna,58.466667,26.65,1233
617,San Salvatore di Monte Acuto,43.283066,12.354757,1234
618,Belin Studenac,45.2495,19.88757,1234
619,Benifassa,40.676389,0.19825,1235
620,Beaulieu (Zypern),35.173889,33.353889,1235
621,Grunhain,50.579561,12.811114,1235
622,Sanctus Sergius,34.116667,35.65,1235
623,Santa Maria de la Real (Palma de Mallorca),39.604167,2.640278,1236
624,San Salvatore a Settimo,43.780833,11.145833,1236
625,Paradies (Neumark),52.338889,15.5475,1236
626,Capolago,45.793333,8.809722,1236
627,Saint-Bernard-sur-l'Escaut,51.13129,4.33099,1243
628,Preallo,44.616667,8.909722,1237
629,Obra,52.071667,16.041667,1237
630,Kamenz,50.519167,16.881389,1247
631,Netley,50.878611,-1.355556,1239
632,Szczyrzyc,49.785,20.186944,1241
633,La Clarte-Dieu (Saint Paterne),47.601111,0.456389,1239
634,Gerka,53.233333,6.2,1240
635,Valbonne,42.49433,3.04896,1242
636,Scharnebeck,53.29311,10.51181,1243
637,Santa Maria di Palazzolo,41.743333,12.690278,1244
638,Santo Spirito di Zannone,40.966667,13.05,1246
639,Marienrode,52.113944,9.914308,1245
640,San Martin de Castaneda,42.135278,-6.72,1245
641,Santa Maria di Ponza,40.908056,12.963333,1245
642,Hailes,51.968333,-1.928056,1245
643,Newenham,50.775,-3,1247
644,Santi Vito e Salvo,42.05,14.716667,1247
645,Kostanjevica,45.835139,15.416389,1234
646,Ocre,42.284234,13.494889,1248
647,Santa Maria in Strada,44.571667,11.158889,1250
648,Zďar,49.583056,15.937222,1252
649,Prieres,47.52414,-2.48696,1252
650,Ercsi,47.238333,18.905278,1252
651,Rivalta di Torino,45.030556,7.526944,1254
652,Rauden,50.194722,18.447778,1258
653,Monte Favale,43.933333,12.866667,1255
654,San Gaudenzio,43.925833,11.618611,1258
655,Koronowo,53.308611,17.935556,1256
656,San Severo,44.39,12.224444,1257
657,Disibodenberg,49.77781,7.70547,1259
658,Vyssi Brod,48.62033,14.30786,1259
659,Termunten,53.286111,7.033056,1259
660,Santa Maria dello Sterpeto,41.303611,16.314444,1259
661,Chorin,52.89294,13.88491,1260
662,Buckow,54.357373,16.338515,1260
663,San Michele della Verruca,43.7075,10.542222,1263
664,Furstenfeld,48.169569,11.249472,1263
665,Sainte-Marie de Gourdon,44.70903,1.30891,1261
666,Smilheim,49.219722,17.850556,1261
667,Zlata Koruna,48.85525,14.371028,1263
668,Santa Maria di Spano,37.723611,14.735556,1263
669,Abraham,46.399082,18.145396,1263
670,Pelplin,53.933333,18.7,1258
671,Leyre,42.6355,-1.17066,1269
672,Hore,52.5175,-7.9,1272
673,Stams,47.2775,10.984167,1273
674,Vale Royal?(de),53.2247,-2.5426,1270
675,Zagreb,45.8,15.966667,1274
676,Sweetheart,54.98004,-3.61907,1273
677,Furstenzell,48.52178,13.32044,1274
678,Realvalle,40.763611,14.546667,1277
679,Vittoria,42.071667,13.3575,1274
680,Buckland?(de),50.481246,-4.13358,1278
681,Santa Maria de la Valldigna,39.033333,-0.316667,1298
682,Neuzelle,52.09076,14.6535,1268
683,Rewley,51.754167,-1.269167,1281
684,Bledzew,52.516667,15.4,1280
685,Przemet,52.016667,16.3,1278
686,Sauvelade,43.395,-0.7,1287
687,Himmelwitz,50.533333,18.366667,1289
688,Zbraslav,49.977917,14.391944,1292
689,Grussau,50.734167,16.064167,1292
690,Marienwalde,53.033333,15.666667,1294
691,Engelszell,48.498889,13.734167,1293
692,Hiddensee,54.58586,13.1117,1296
693,San Martino di Bocci,44.856111,10.346667,1298
694,Himmelpfort,53.178044,13.229789,1299
695,San Isidoro del Campo,37.433889,-6.036667,1301
696,Konigsbronn,48.742778,10.113611,1302
697,Stolpe,53.873254,13.561442,1305
698,Santa Maria Altofonte,38.045066,13.29875,1307
699,Torigny,49.03825,-0.96958,1308
700,Gotteszell,48.96377,12.96646,1320
701,San Bartolomeo di Buonsollazzo,43.9175,11.313889,1320
702,Pontifroy,49.126944,6.173889,1323
703,Knardrup,55.766667,12.3,1326
704,Neuberg,47.663056,15.578611,1327
705,San Michele a Quarto,43.344444,11.2875,1337
706,Sausenstein,48.1917,15.11599,1333
707,Eiteren,52.027711,5.03543,1342
708,Graces,51.50914,-0.0714,1350
709,Skalice,50.022778,14.982222,1357
710,Himmelstadt,52.799722,15.183056,1376
711,Sant Bernat de Rascanya,39.499444,-0.369167,1381
712,Nieuwkuijk,51.702017,5.19035,1382
713,Marcilla,42.329306,-1.740694,1407
714,Marienhaven,52.198138,4.497869,1412
715,Sibculo,52.481366,6.640484,1412
716,Moulins-Warnant,50.31568,4.86263,1414
717,Le Jardinet,50.25837,4.43566,1232
718,Charite-les-Lezines,47.79672,4.09646,1422
719,Sint-Salvatorabdij,51.190673,4.378824,1439
720,Mariendonck,51.704269,5.150050,1439
721,La Piete-Dieu (Ramerupt),48.512486,4.303191,1440
722,Nizelles,50.66484,4.31571,1441
723,Neukloster,47.811944,16.246944,1444
724,Waarschoot,51.151669,3.605831,1444
725,Mariengarden,51.9064,6.7795,1447
726,Kleinburlo,52.04675,7.25149,1448
727,Bottenbroich,50.8841,6.7424,1448
728,Walberberg,50.79368,6.91186,1452
729,Hemelspoort,51.940980,4.270155,1458
730,Marcilly,47.541944,3.938889,1460
731,Boneffe,50.61995,4.9558,1461
732,Rochefort,50.17792,5.22161,1464
733,Monnickendam,52.45722,5.04,1465
734,Freistroff,49.28187,6.49335,1470
735,Marienhof,52.153409,5.390649,1483
736,Wateringen,52.024669,4.268965,1485
737,Gudsberga,60.37091,16.17196,1486
738,Mariawald,50.61916,6.48071,1487
739,Schlierbach,47.936111,14.126944,1355
740,Grevenbroich,48.49143,9.35832,1628
741,Derneburg,52.097778,10.130556,1651
742,Wistytschy,52.204444,23.681944,1675
NA,Rivalta,44.85488,8.82783,1181
NA,Coyroux,45.17045,1.678827,1147
NA,Mont-Notre-Dame,48.558333,3.3,1230
NA,Saint-Bernard (Tulle),45.26948,1.768772,1622
NA,Maubuisson,49.04615,2.11781,1242
NA,Le Lys,48.51812,2.63265,1244
NA,Pont-aux-Dames,48.876603,2.866260,1226
NA,Villiers-aux-Nonnains,48.48238,2.3352,1220
NA,Beaupré-sur-la-Lys,50.63995,2.69362,1224
NA,Sainte-Colombe de Blendecques,50.71773,2.27804,1186
NA,Braie,48.416667,3.233333,1630
NA,la Joie-les-Nemours,48.26042,2.69519,1231
NA,Le Verger,50.2492,3.12365,1225
NA,Leyme,44.783819,1.899489,1220
NA,Paraclet des Champs,49.81001,2.3851,1218
NA,Saint-Antoine-des-Champs,48.8488,2.384,1204
NA,Sainte-Marie de Rieunette,43.09654,2.40297,1162
NA,Notre-Dame de Tart,47.18493,5.24361,1132
NA,Blanche,48.658056,-0.945,1147
NA,Koenigsbruck,48.86109,8.01411,1140
NA,Montreuil-les-Dames,50.02427,3.98317,1136
NA,Penthemont,48.85658,2.32285,1217
NA,Port-Royal des Champs,48.74641,2.01906,1204
NA,Felipre,50.138056,4.824167,1206
NA,Saint-Apollinaire,47.552986,7.438583,1253
